{"loss_train": 0.6900434494018555, "acc_train": 0.5682532012563422, "acc_val": 0.5564482029598309, "loss_val": 0.6902474761009216, "_timestamp": 1658065000, "_runtime": 45, "_step": 1, "loss_test": 0.6865058541297913, "acc_test": 0.5857988165680473, "f1_score": 0.7147846332945285, "mcc": 0.18374192924183344, "prec": 0.5695732838589982, "recall": 0.959375, "roc_auc": 0.5524315147329649, "_wandb": {"runtime": 44}}