{"loss_train": 0.6895447969436646, "acc_train": 0.6215269388741241, "acc_val": 0.6215644820295984, "loss_val": 0.6891710758209229, "_timestamp": 1658057858, "_runtime": 38, "_step": 0, "_wandb": {"runtime": 36}}