{"loss_train": 0.38200026750564575, "acc_train": 0.8183136023194009, "acc_val": 0.7818181818181819, "loss_val": 0.47742071747779846, "_timestamp": 1658492122, "_runtime": 3700, "_step": 60, "loss_test": 0.43258437514305115, "acc_test": 0.8089602704987321, "f1_score": 0.8464673913043478, "mcc": 0.6420217954397092, "prec": 0.7487980769230769, "recall": 0.9734375, "roc_auc": 0.794269394567219, "confusion_matrix": [[334, 209], [17, 623]], "_wandb": {"runtime": 3706}}