{"loss_train": 0.4764729142189026, "acc_train": 0.7893210920512201, "acc_val": 0.7784355179704017, "loss_val": 0.48432281613349915, "_timestamp": 1658489042, "_runtime": 620, "_step": 9}