{"loss_train": 0.4077591001987457, "acc_train": 0.808287025851655, "acc_val": 0.7780126849894292, "loss_val": 0.4603394865989685, "_timestamp": 1658174114, "_runtime": 2540, "_step": 60, "loss_test": 0.418306827545166, "acc_test": 0.8030431107354185, "f1_score": 0.8403015764222069, "mcc": 0.6245318100078522, "prec": 0.7484737484737485, "recall": 0.9578125, "roc_auc": 0.7892193255064457, "confusion_matrix": [[337, 206], [27, 613]], "_wandb": {"runtime": 2539}}