{"loss_train": 0.3619063198566437, "acc_train": 0.8294273979222034, "acc_val": 0.7758985200845666, "loss_val": 0.5065440535545349, "_timestamp": 1658427546, "_runtime": 3305, "_step": 60, "loss_test": 0.4422985017299652, "acc_test": 0.8140321217244294, "f1_score": 0.851150202976996, "mcc": 0.6555365545926797, "prec": 0.7505966587112172, "recall": 0.9828125, "roc_auc": 0.7989568945672192, "confusion_matrix": [[334, 209], [11, 629]], "_wandb": {"runtime": 3301}}