{"loss_train": 0.3746044635772705, "acc_train": 0.8249577192558589, "acc_val": 0.7873150105708245, "loss_val": 0.4289205074310303, "_timestamp": 1657983856, "_runtime": 1461, "_step": 100, "loss_test": 0.37950801849365234, "acc_test": 0.8233305156382079, "f1_score": 0.854152128401954, "mcc": 0.6603146845980412, "prec": 0.7717528373266078, "recall": 0.95625, "roc_auc": 0.8114583333333334, "_wandb": {"runtime": 1461}}