{"loss_train": 0.6894161701202393, "acc_train": 0.5747765160666828, "acc_val": 0.5636363636363636, "loss_val": 0.6900708079338074, "_timestamp": 1658065121, "_runtime": 43, "_step": 1, "loss_test": 0.6859567165374756, "acc_test": 0.5950972104818258, "f1_score": 0.7223188405797102, "mcc": 0.22165806263744217, "prec": 0.5741935483870968, "recall": 0.9734375, "roc_auc": 0.561304385359116, "confusion_matrix": [[81, 462], [17, 623]], "_wandb": {"runtime": 42}}