{"loss_train": 0.6864218711853027, "acc_train": 0.5612466779415318, "acc_val": 0.5509513742071882, "loss_val": 0.6884196996688843, "_timestamp": 1658058225, "_runtime": 37, "_step": 0, "_wandb": {"runtime": 36}}