{"loss_test": 0.38748231530189514, "acc_test": 0.8098055790363483, "f1_score": 0.838940586972083, "mcc": 0.6235919301277753, "_timestamp": 1657980975, "_runtime": 1641, "_step": 0, "_wandb": {"runtime": 1641}}