{"loss_train": 0.42910587787628174, "acc_train": 0.7977772408794395, "acc_val": 0.786046511627907, "loss_val": 0.44256383180618286, "_timestamp": 1658153384, "_runtime": 1567, "_step": 60, "loss_test": 0.4073842465877533, "acc_test": 0.8081149619611158, "f1_score": 0.8483633934535739, "mcc": 0.650606198054724, "prec": 0.7409568261376897, "recall": 0.9921875, "roc_auc": 0.7916738604972375, "confusion_matrix": [[321, 222], [5, 635]], "_wandb": {"runtime": 1565}}