{"loss_train": 0.3811444044113159, "acc_train": 0.8144479342836434, "acc_val": 0.787737843551797, "loss_val": 0.452859491109848, "_timestamp": 1658169846, "_runtime": 1522, "_step": 60, "loss_test": 0.40927815437316895, "acc_test": 0.8106508875739645, "f1_score": 0.8482384823848239, "mcc": 0.6472798492785131, "prec": 0.7488038277511961, "recall": 0.978125, "roc_auc": 0.7956923342541437, "confusion_matrix": [[333, 210], [14, 626]], "_wandb": {"runtime": 1519}}