{"loss_train": 0.4040416181087494, "acc_train": 0.8061125875815415, "acc_val": 0.786046511627907, "loss_val": 0.4413377642631531, "_timestamp": 1658060643, "_runtime": 2391, "_step": 100, "loss_test": 0.40685373544692993, "acc_test": 0.8114961961115807, "f1_score": 0.8494260634706281, "mcc": 0.6511571041510775, "prec": 0.7479191438763377, "recall": 0.9828125, "roc_auc": 0.7961944636279926, "_wandb": {"runtime": 2390}}