{"loss_train": 0.40469154715538025, "acc_train": 0.8068374003382459, "acc_val": 0.786892177589852, "loss_val": 0.44329074025154114, "_timestamp": 1658064542, "_runtime": 2369, "_step": 99, "_wandb": {"runtime": 2375}}