{"loss_test": 0.38834547996520996, "acc_test": 0.812341504649197, "f1_score": 0.8456189151599443, "mcc": 0.6382281964631813, "_timestamp": 1657976676, "_runtime": 1485, "_step": 0, "_wandb": {"runtime": 1485}}